{"n": 6, "x": [0.859905, 0.8878240000000001, 0.9157430000000001, 0.943662, 0.971581, 0.9995], "y": [12.433, 12.433, 12.433, 18.968956, 12.433, 12.433], "obj": 5.942773333333334}