{"x": [0.859905, 0.899905, 0.909904, 0.919904, 0.929902, 0.939963, 0.949984, 0.959999, 0.969915, 0.979912, 0.989995, 0.99238, 0.994993, 0.998999, 0.9995], "y": [12.433, 13.7464, 14.187, 14.69294, 15.28137, 15.98235, 16.65584, 17.214, 17.93359, 18.95811, 20.72504, 21.41773, 22.49604, 26.82566, 28.77289], "n": 15}