{"error": 1.0526982456140375, "puntos": [[595.0, 0.601], [721.3157894736842, 0.6835263157894736], [797.1052631578948, 0.6835263157894736], [847.6315789473684, 0.7660526315789473], [872.8947368421052, 1.2612105263157893], [898.1578947368421, 2.169], [923.421052631579, 1.2612105263157893], [948.6842105263158, 0.6835263157894736], [973.9473684210527, 0.601], [1075.0, 0.601]], "n": 10}