{"error": 3286.58903355951, "puntos": [[0.0, 725.8947368421053], [22657.894736842103, 725.8947368421053], [27189.473684210527, 817.4736842105264], [31721.052631578947, 1138.0], [40784.21052631579, 863.2631578947369], [54378.94736842105, 794.578947368421], [58910.52631578947, 931.9473684210526], [63442.10526315789, 931.9473684210526], [72505.26315789473, 794.578947368421], [86100.0, 725.8947368421053]], "n": 10}