{"error": 0.1174622807017544, "puntos": [[0.0, 0.05263157894736842], [0.05263157894736842, 0.3684210526315789], [0.10526315789473684, 0.47368421052631576], [0.2631578947368421, 0.5789473684210527], [0.3157894736842105, 0.5263157894736842], [0.42105263157894735, 0.7368421052631579], [0.47368421052631576, 0.631578947368421], [0.5789473684210527, 0.6842105263157894], [0.8421052631578947, 0.8421052631578947], [1.0, 1.0]], "n": 10}