{"error": 3.288060228095821, "puntos": [[0.859905, 12.433], [0.8672521052631579, 12.433], [0.8966405263157895, 13.292994210526317], [0.9039876315789475, 14.152988421052632], [0.9113347368421053, 14.152988421052632], [0.9260289473684211, 15.012982631578947], [0.9774586842105264, 18.45295947368421], [0.9848057894736842, 20.172947894736843], [0.9921528947368421, 21.03294210526316], [0.9995, 27.912895789473687]], "n": 10}